ticker,Date,close,high,low,open,volume,ret_1d
,,qqq,qqq,qqq,qqq,qqq,
QQQ,2024-11-21,502.2693176269531,504.23866971479384,494.8891342532554,503.522533404553,34526700,
QQQ,2024-11-22,503.0749206542969,503.81093861066995,500.0810686634939,501.71227969019674,23826600,0.0016039264177034607
QQQ,2024-11-25,503.8706359863281,508.70456343177693,501.5531567141476,507.16286557439406,26375200,0.001581703438915838
QQQ,2024-11-26,506.5760498046875,507.40161140893434,504.50722848471355,505.3526414489566,26557100,0.005369262713758927
QQQ,2024-11-27,502.5875549316406,505.5117755416059,499.2356498317086,505.44217436804354,24957400,-0.007873437511672021
QQQ,2024-11-29,507.0036926269531,507.60047788200296,502.59748026778794,503.21414723496116,15334000,0.008786802721195919
QQQ,2024-12-02,512.5238647460938,513.4886892849554,507.87895063661637,508.26687165865917,25147200,0.010887834150751008
QQQ,2024-12-03,514.095458984375,514.373985095904,510.61424683539474,511.1911504181891,18597900,0.0030663825557857294
QQQ,2024-12-04,520.451171875,520.7097859190565,516.8107846060128,517.5269512439784,26086200,0.012362904164104238
QQQ,2024-12-05,519.0089111328125,521.226921022137,518.6209900907503,520.5008591030347,18169600,-0.0027711739739033625
QQQ,2024-12-06,523.65380859375,523.8925105480843,519.5459737916175,519.675280801468,23762600,0.008949552428298979
QQQ,2024-12-09,519.575927734375,523.5245880810076,518.4221204877712,522.7288945325893,20674400,-0.007787360260638532
QQQ,2024-12-10,517.8053588867188,522.5597286555064,516.3730864780794,520.8091667441121,24350000,-0.0034077191670077722
QQQ,2024-12-11,527.0753784179688,527.7616769340509,521.7740335072752,522.18180592059,32168600,0.01790251756215988
QQQ,2024-12-12,523.673828125,526.1206450740835,523.1964241183608,524.8474867796739,23577500,-0.006453631553002159
QQQ,2024-12-13,527.68212890625,530.307911172932,524.4694263576389,527.6124973833525,28780400,0.0076541934425129465
QQQ,2024-12-16,535.281005859375,536.2557863537425,530.1387761916044,530.2183637377285,31979900,0.014400481912994811
QQQ,2024-12-17,532.9237670898438,534.5947414195532,531.2627487924711,533.4807585330802,28579100,-0.004403740733797901
QQQ,2024-12-18,513.6975708007812,533.9980443477575,512.2454469027805,532.2773503776515,54703200,-0.036076822758443816
QQQ,2024-12-19,511.40997314453125,518.9592575433442,511.07183222457314,518.3923099577986,46441800,-0.00445319928744059
QQQ,2024-12-20,515.8757934570312,522.0027604194175,506.5561270613736,507.6999477619047,60530000,0.008732368446084049
QQQ,2024-12-23,520.90185546875,521.2804299717675,514.1872352921986,517.5943450139422,29672800,0.009742775442200369
QQQ,2024-12-24,527.9651489257812,528.0547760971718,522.2168488751819,522.85445438346,17558200,0.013559739484274136
QQQ,2024-12-26,527.6065063476562,529.2403478108545,524.3289121388443,526.3313560192331,19090500,-0.0006792921442915212
QQQ,2024-12-27,520.5929565429688,524.468328244375,515.9106363078228,524.0299820775656,33839600,-0.013293145024383057
QQQ,2024-12-30,513.669189453125,517.4050741628361,509.90341888184463,513.5695901830321,34584000,-0.013299770968515312
QQQ,2024-12-31,509.3056640625,515.7114228726336,508.3393140727987,514.9543347038892,29117000,-0.008494816275180117
QQQ,2025-01-02,508.3094482421875,514.6953239346398,503.80644256925154,512.3641052015905,36389800,-0.0019560273733579825
QQQ,2025-01-03,516.6280517578125,517.6940315122579,510.60083647061316,511.417696434176,29059500,0.016365234886725144
QQQ,2025-01-06,522.5655517578125,525.9328339298473,520.0650507509039,522.0475504427856,36109700,0.0114927944384704
QQQ,2025-01-07,513.2407836914062,524.0100909190774,511.34797203831766,523.6116330578326,36690300,-0.017844207363151843
QQQ,2025-01-08,513.3304443359375,514.9741969361809,508.6481238764345,513.1411571001679,30777800,0.00017469508928424915
QQQ,2025-01-10,505.2808837890625,509.6543435394188,502.02320337175274,509.5547442725234,40532500,-0.01568105035595191
QQQ,2025-01-13,503.6570129394531,504.1152729350246,497.8190852309919,499.3134390625005,31694200,-0.0032137983084420396
QQQ,2025-01-14,503.1788024902344,508.2396977619812,499.7019490145044,506.8250294419463,33737200,-0.0009494764034512215
QQQ,2025-01-15,514.7550659179688,515.9007006401041,509.5347694909147,511.09889744457155,34957600,0.023006262128776767
QQQ,2025-01-16,511.14874267578125,517.1062140175117,511.0192271417945,517.026498118424,28229000,-0.007005901410132465
QQQ,2025-01-17,519.7760620117188,522.0973084755655,511.1785421031621,520.8818691680126,51837900,0.01687829513337924
QQQ,2025-01-21,522.8245849609375,523.990163931292,518.1024365526878,522.5057821782378,23628000,0.005865069925344191
QQQ,2025-01-22,529.5093994140625,531.8107021128363,527.2678684423184,527.5766991662086,33593000,0.012785960426142662
QQQ,2025-01-23,530.6350708007812,530.7546142367858,526.4608402116309,527.0485853044178,23096600,0.0021258761184681507
QQQ,2025-01-24,527.6363525390625,531.7806665628244,526.1619430661077,531.0136063722385,19878300,-0.005651187467110685
QQQ,2025-01-27,512.2745361328125,516.0402765990139,508.2297899969277,509.0765966785985,60771700,-0.029114401106608234
QQQ,2025-01-28,519.8458251953125,521.0313482861533,509.85358086015856,513.2806042053568,33194200,0.014779748998761555
QQQ,2025-01-29,518.8695678710938,520.6229528077788,514.9543680275574,520.4934372745863,26649000,-0.0018779747319350726
QQQ,2025-01-30,521.0811157226562,524.1196227089707,516.259368569292,521.7386653924648,27431300,0.004262242360129953
QQQ,2025-01-31,520.323974609375,529.5192724001945,519.2281395504486,524.9365512323936,38755200,-0.0014530196747414292
QQQ,2025-02-03,516.1597900390625,518.8894667950981,509.12636671091076,511.53724066840994,40580800,-0.008003061118678434
QQQ,2025-02-04,522.4957885742188,523.1333941133616,516.2792865811033,516.6778052444203,26046800,0.012275265639496435
QQQ,2025-02-05,524.8668823242188,525.0263141261553,518.6603518561534,519.8558471490118,21134100,0.004538015045959076
QQQ,2025-02-06,527.6065063476562,527.8157377758239,523.7610503813152,525.3749476688555,19434500,0.0052196549557592675
QQQ,2025-02-07,520.95166015625,530.0970984278108,520.2244274064886,528.1445149779497,29605500,-0.012613275445510053
QQQ,2025-02-10,527.2578735351562,528.3636808400595,524.7672836743383,525.2354853815722,20852800,0.012105179542022837
QQQ,2025-02-11,526.0025634765625,527.9252913951378,523.8507207672724,523.9802362938708,19325500,-0.0023808275259640244
QQQ,2025-02-12,526.3114624023438,527.1981270285073,519.9853881754337,520.3340464504593,25009400,0.0005872574531569086
QQQ,2025-02-13,533.8828125,534.2015544609476,527.1980481045974,527.9850525304931,28714800,0.01438568345651614
QQQ,2025-02-14,536.1243896484375,536.8117948718372,533.6536831962131,533.9924301665412,17862600,0.004198631414899623
QQQ,2025-02-18,537.3397216796875,537.9673551250996,534.0222392975678,537.6983519898058,20565000,0.0022668844296507284
QQQ,2025-02-19,537.4892578125,538.7743803425477,534.4407781321619,536.5428214661459,19666900,0.00027828974255816874
QQQ,2025-02-20,535.207763671875,537.0707198380107,530.4557600378364,536.7021174397108,26550800,-0.004244725094433188
QQQ,2025-02-21,524.099853515625,536.3734883699817,523.7312510589262,536.3535441921861,47093800,-0.020754389062001777
QQQ,2025-02-24,517.9131469726562,527.0785293164791,517.574460821282,525.893006175843,39268400,-0.011804442419643402
QQQ,2025-02-25,511.3877868652344,517.3652018839585,507.52238695535993,517.2854859915275,48940000,-0.012599332813936881
QQQ,2025-02-26,512.6231079101562,517.7038863374212,509.4451131699638,513.5894882871941,34457600,0.0024156248480127207
QQQ,2025-02-27,498.38690185546875,517.116154231956,498.1677287505483,516.1796900929963,52448000,-0.02777129207601503
QQQ,2025-02-28,506.2572021484375,506.864891443897,495.05949014730743,498.24745713466467,47654000,0.015791547216967405
QQQ,2025-03-03,495.1790466308594,511.10884909409276,491.72210680896086,509.5945814567039,44587200,-0.021882465020872877
QQQ,2025-03-04,493.6846923828125,501.8438669070773,485.90409236827736,492.3198540523609,67875400,-0.003017805899127368
QQQ,2025-03-05,500.120361328125,501.734258516621,489.41082610035653,494.33223355817074,46323700,0.013035990470456227
QQQ,2025-03-06,486.3623962402344,496.7032997202751,484.3699243677266,491.8317218014017,57574300,-0.027509308062072968
QQQ,2025-03-07,489.9388732910156,491.42325508804356,478.7212470644506,485.3262961011522,54714700,0.007353522966472736
QQQ,2025-03-10,470.95062255859375,482.1483046930257,466.8959350231872,481.6302729539333,76668000,-0.03875636690118922
QQQ,2025-03-11,469.8248596191406,477.0077119927552,465.25214045630736,470.5720365490684,68760800,-0.002390405459784861
QQQ,2025-03-12,475.1248474121094,479.2492483034156,470.01415228809566,477.35640613966797,46971100,0.011280773429624746
QQQ,2025-03-13,466.5771179199219,474.48723340088907,464.67430370193534,474.4573475399869,46563300,-0.017990491422927968
QQQ,2025-03-14,477.8545227050781,478.75112894816397,471.3391313072949,471.94685102493906,43563000,0.024170505479207405
QQQ,2025-03-17,480.9527893066406,484.0112407832775,476.00149572097644,477.8046802482964,41744400,0.006483702579654471
QQQ,2025-03-18,472.7538146972656,477.8047078413768,470.631827266193,477.605478893646,39072300,-0.017047358476067753
QQQ,2025-03-19,479.07989501953125,483.503154430963,473.08253546288665,475.015235534952,40430300,0.013381341674242542
QQQ,2025-03-20,477.4560546875,482.7261210123625,474.38763091309403,475.0850082443796,36780500,-0.003389497970823996
QQQ,2025-03-21,479.0300598144531,479.7971505017605,471.1299165344871,472.29549549568526,42234900,0.003296649213053504
QQQ,2025-03-24,489.54205322265625,490.3901226191041,483.296306654798,486.6286929361406,34567200,0.021944329364789406
QQQ,2025-03-25,492.3356628417969,492.4953019420397,489.30261128131787,490.27040239350913,26035200,0.005706577403821189
QQQ,2025-03-26,483.2763671875,492.036361140999,481.71992401202056,491.1783047786964,34627100,-0.018400648862213154
QQQ,2025-03-27,480.52264404296875,485.47133436435945,479.1557704025238,481.31085258636614,33469800,-0.005698029805506488
QQQ,2025-03-28,467.8715515136719,479.4251537993937,466.98356470882175,478.716780016139,46363800,-0.02632777598752578
QQQ,2025-03-31,467.85162353515625,468.7894538218736,456.28800345950606,460.8675723729834,53000300,-4.2592840815314226e-05
QQQ,2025-04-01,471.62298583984375,472.5508595678627,463.3618526767417,466.23526514595727,41156200,0.008061022159526754
QQQ,2025-04-02,475.06512451171875,478.46735875532056,464.7985609219212,465.0579782762513,49894500,0.007298496416041633
QQQ,2025-04-03,449.6332092285156,459.0217729152515,449.11440497013695,455.4000387216,70456300,-0.0535335346061081
QQQ,2025-04-04,421.70697021484375,439.3666229320661,421.70697021484375,437.14172341887735,117088400,-0.062108933327206794
QQQ,2025-04-07,422.7246398925781,442.13033594097755,401.47318336158713,407.72888642907077,161557000,0.002413215217229814
QQQ,2025-04-08,415.1120300292969,442.1303469387709,408.8563268062054,437.16168260614245,101248100,-0.01800843656810669
QQQ,2025-04-09,464.938232421875,466.7640494224436,414.48344740281163,414.6231430319054,142876900,0.1200307357728505
QQQ,2025-04-10,445.16339111328125,454.5519544943761,431.64427637376247,452.52658097834694,108384100,-0.04253219014832599
QQQ,2025-04-11,453.3646545410156,454.7515020748195,440.32442691120883,443.636869679333,52483800,0.018423041048421185
QQQ,2025-04-14,456.4376525878906,463.9903813646482,451.59869711931657,463.40172932076626,43941200,0.006778203850024589
QQQ,2025-04-15,456.94647216796875,461.3264842842656,455.11066821301586,457.49523727635807,35404200,0.0011147625030345498
QQQ,2025-04-16,443.1679382324219,451.58871031200715,436.76258311356116,448.00689370261694,48980600,-0.03015349668895584
QQQ,2025-04-17,443.088134765625,446.72981223752805,440.3543570860115,446.1511471509205,44837000,-0.00018007500072136917
QQQ,2025-04-21,432.1231689453125,438.07956785863604,426.9549785874865,437.2315288936066,44149300,-0.024746692497447542
QQQ,2025-04-22,443.46728515625,446.5601976003793,436.6228994956535,437.82017753392927,52304400,0.026252043459334073
QQQ,2025-04-23,453.5242919921875,462.3242031118777,451.8481271450211,457.126082514728,55801100,0.022678125698480933
QQQ,2025-04-24,466.28515625,466.5944474838895,454.791384907367,455.4399282507265,45956100,0.028137113012751902
QQQ,2025-04-25,471.4833068847656,472.0120981036559,464.3296602150249,465.90604691253196,38697100,0.011148007962703987
QQQ,2025-04-28,471.3336181640625,473.7281436779861,464.96815011298537,471.95220062328804,33550800,-0.00031748466704406564
QQQ,2025-04-29,474.446533203125,475.3345200084478,468.5200646884619,469.09876024538016,30613100,0.006604483361886793
QQQ,2025-04-30,474.38665771484375,476.11272692532424,461.3763604209729,466.06566379739684,46810600,-0.00012620070775315462
QQQ,2025-05-01,480.58251953125,486.06998817768186,479.64465881765256,482.3085888122424,43316500,0.01306078431095048
QQQ,2025-05-02,487.7162170410156,489.7914949378418,483.7253307988606,485.4314565899748,39218100,0.014843855570784603
QQQ,2025-05-05,484.82281494140625,487.9157577687587,482.99699794174893,483.49585870590107,28309500,-0.005932552575683703
QQQ,2025-05-06,480.3131103515625,483.944800773913,477.10044590776903,478.4673194893256,32786300,-0.009301758190543796
QQQ,2025-05-07,482.1988220214844,484.69312594348264,475.6936883542095,480.9816004896274,38006300,0.0039260049939957575
QQQ,2025-05-08,487.1774597167969,491.57741536579834,483.06685184010024,487.4169031432312,39577600,0.01032486490622464
QQQ,2025-05-09,486.8581848144531,490.4200580470196,485.09222863644607,489.09307133776764,27767400,-0.0006553564742698414
QQQ,2025-05-12,506.6929016113281,506.73281899928145,500.337420129814,505.83484523458407,45090600,0.04074023486825884
QQQ,2025-05-13,514.415283203125,516.2111698224404,507.261606258493,507.99991046562667,53269600,0.015240753456855272
QQQ,2025-05-14,517.4982299804688,518.0469646789172,514.5749130124277,515.5926085268512,47014500,0.0059931088325118065
QQQ,2025-05-15,518.06689453125,520.740780872913,513.9961737159014,515.34313429326,50153300,0.0010988724556655338
QQQ,2025-05-16,520.32177734375,520.5113468748441,515.9217911890203,519.4736774852381,48394600,0.004352493541476488
QQQ,2025-05-19,520.8206787109375,521.3395134461759,513.0683621458206,513.0683621458206,52536200,0.0009588323781763997
QQQ,2025-05-20,519.0845947265625,519.7430641355207,515.4827737581309,518.2863687936461,42517600,-0.0033333622402856866
QQQ,2025-05-21,511.8710021972656,521.8083299834028,510.0751157264444,515.0936839619509,71292800,-0.013896757103910473
QQQ,2025-05-22,512.828857421875,516.5304261558193,511.13271867141765,512.4896053133482,55607200,0.0018712824529962813
QQQ,2025-05-23,508.0796813964844,510.6737633579092,504.4280170923934,505.0266560754982,58368100,-0.009260742558962032
QQQ,2025-05-27,520.0324096679688,520.5213443920381,513.4175716555094,514.9740148753984,47226300,0.023525302642750212
QQQ,2025-05-28,517.7276000976562,522.4867508022915,517.208826363743,520.9901686583013,46637200,-0.004432049863553833
QQQ,2025-05-29,518.745361328125,525.2804253410164,516.1413226819035,525.1308036452639,58513300,0.001965823785088583
QQQ,2025-05-30,517.92724609375,519.4936763161024,510.7636123003792,518.2565112732493,67662800,-0.0015771037109235664
QQQ,2025-06-02,522.0178833007812,522.2573267152803,514.7943285522307,516.0614543327235,44762800,0.007898092324516881
QQQ,2025-06-03,526.0985107421875,527.5352320724114,521.4990294523216,522.3670422459896,44070300,0.007817026144016248
QQQ,2025-06-04,527.5652465820312,528.6328159543389,524.7715775087336,526.8069684561985,41359300,0.002787949043563387
QQQ,2025-06-05,523.59423828125,531.8354275236306,521.4690866380274,528.9719717219339,61031200,-0.0075270467994403845
QQQ,2025-06-06,528.7125854492188,530.5883068303796,527.0065205763339,528.7924202239315,42467000,0.00977540773704888
QQQ,2025-06-09,529.4908447265625,531.1370487649452,527.8046928522319,528.9321230881146,33688700,0.0014719893166199594
QQQ,2025-06-10,532.9928588867188,533.6812892020579,527.6849728561217,529.9597463571823,40664800,0.006613927691166754
QQQ,2025-06-11,531.1968994140625,535.5569985772692,528.9021520465418,534.3996074866686,53701000,-0.0033695751128964835
QQQ,2025-06-12,532.4440307617188,533.4218392444852,529.6305097104157,529.8799400862898,34104900,0.0023477760300030237
QQQ,2025-06-13,525.7593994140625,530.6581857051825,524.5321604293532,526.4777297402487,55814400,-0.01255461787803902
QQQ,2025-06-16,533.0726318359375,534.1501881746067,529.2414151368115,529.2912890357304,37622100,0.013909846271936033
QQQ,2025-06-17,527.8745727539062,532.114889646886,526.707194611121,530.498585491132,42180900,-0.009751127279089111
QQQ,2025-06-18,527.78466796875,531.3365539479147,526.1983249413829,528.8921241797174,43983500,-0.00017031467283457058
QQQ,2025-06-20,525.629638671875,532.344284928363,523.6840695536811,531.047259148263,61643500,-0.004083160098547256
QQQ,2025-06-23,531.034423828125,531.55378026132,523.0436870736086,526.20000126727,50666100,0.010282496949575393
QQQ,2025-06-24,539.1549682617188,540.0738858388895,535.649023059839,536.2683002275495,45442000,0.015291936019993457
QQQ,2025-06-25,540.5333251953125,542.680859941889,538.7554180865176,541.4323074065491,44804200,0.002556513460383547
QQQ,2025-06-26,545.5874633789062,546.0369544844908,540.8929546179629,542.7207916351388,43811400,0.009350280450826087
QQQ,2025-06-27,547.4553833007812,549.3531466770356,543.9094451396949,546.6263273030402,57577100,0.003423685563276546
QQQ,2025-06-30,551.001220703125,552.1598506096717,548.3742613412151,550.6216558623904,45548700,0.006476943163778559
QQQ,2025-07-01,546.3566284179688,550.0723527171726,544.0293092638873,549.0934460070984,56166700,-0.00842936841270392
QQQ,2025-07-02,550.1621704101562,550.3619510063211,545.4875970893971,545.5275288228387,36538300,0.006965307629207107
QQQ,2025-07-03,555.575927734375,556.5548344555102,552.5394696749878,552.5394696749878,26443500,0.009840293672287004
QQQ,2025-07-07,551.3908081054688,553.6981308106792,548.9436328812806,552.8790730109989,45349300,-0.007532939099742952
QQQ,2025-07-08,551.700439453125,553.3684885906421,550.4618241127889,552.7392132279926,36153300,0.000561546081480957
QQQ,2025-07-09,555.6058959960938,556.9843029163527,552.4595191206155,553.8379260408744,43045500,0.007078944049491831
QQQ,2025-07-10,554.8068237304688,556.6546571200741,552.1099380275332,556.2451587077356,34710900,-0.0014381997588279738
QQQ,2025-07-11,553.5582885742188,555.1464133288152,551.4107537333198,552.6593063234978,39618600,-0.0022503961790789617
QQQ,2025-07-14,555.5659790039062,556.3051123937647,550.9912651766557,553.3485178698481,36453300,0.003626881705373064
QQQ,2025-07-15,556.0753173828125,560.1506100210427,556.0153892983303,559.6012590858759,43277700,0.0009167918809922515
QQQ,2025-07-16,556.6446533203125,559.5613159442702,550.9213079932537,556.6347161101686,52314700,0.0010238468058241246
QQQ,2025-07-17,561.1494750976562,561.6588943188981,556.5648240354463,557.3738836913942,40423800,0.008092814240598711
QQQ,2025-07-18,560.610107421875,564.0760601261163,559.331560315118,562.4679390321799,50484700,-0.0009611836056468981
QQQ,2025-07-21,563.5167236328125,565.4045498103267,561.4091814589228,561.4391759845101,39595200,0.005184737435977471
QQQ,2025-07-22,560.60009765625,563.6964836094055,557.9631400264451,563.6465537000605,43270600,-0.005175757620394905
QQQ,2025-07-23,563.1571655273438,563.1970972643824,558.9320829262327,561.6888968940013,40215300,0.004561304719325365
QQQ,2025-07-24,564.3557739257812,565.5843301767457,562.637733844974,564.4756300983396,42275500,0.0021283728092407195
QQQ,2025-07-25,565.7141723632812,567.0426493724743,563.6166284241184,564.2758373590184,30630800,0.0024069895272811337
QQQ,2025-07-28,567.4821166992188,568.3810379335021,566.213567832283,567.0825555076628,31498700,0.0031251547553632353
QQQ,2025-07-29,566.6031494140625,571.4475089568917,565.8740142282852,570.099096579047,45463300,-0.0015488898403861473
QQQ,2025-07-30,567.3623046875,569.9592697412776,564.3957119723051,567.5220925978703,43433800,0.0013398359578880026
QQQ,2025-07-31,564.3557739257812,573.9646298675983,563.2170793219943,573.8747072559383,64613600,-0.005299137318216296
QQQ,2025-08-01,553.2386474609375,558.3727103030013,551.0411827265443,558.1829278722018,69400800,-0.01969879104365424
QQQ,2025-08-04,563.44677734375,563.6665542967966,558.3027773528459,558.4026371722885,47669800,0.018451584916675978
QQQ,2025-08-05,559.6212768554688,565.903971649668,559.081863110002,564.7353434752952,48666600,-0.006789462007957048
QQQ,2025-08-06,566.6630859375,567.1025788833654,559.9808301040473,560.46025478518,41823700,0.012583168963123503
QQQ,2025-08-07,568.5808715820312,572.6561644511387,564.45564880044,571.0080505877872,44463000,0.003384348993473729
QQQ,2025-08-08,573.8847045898438,574.1044815488668,569.4898360186871,569.7894764496438,35255500,0.009328194585679572
QQQ,2025-08-11,572.1866455078125,576.1320838089041,570.9081593818767,574.0245417091662,33112900,-0.002958885414527379
QQQ,2025-08-12,579.3782958984375,579.6779363086406,571.8270527389294,574.493943836454,42143300,0.012568714154875815
QQQ,2025-08-13,579.6680297851562,582.6445596248751,578.2696265108757,582.0852105080592,41209300,0.0005000772185803637
QQQ,2025-08-14,579.2185668945312,581.206252942872,577.2408180571425,577.610445725867,45425000,-0.0007753798166022507
QQQ,2025-08-15,576.6715087890625,579.1686139695657,574.903538812632,579.1286212694092,49480200,-0.004397404107960079
QQQ,2025-08-18,576.4417114257812,577.1009813081188,574.5738816999574,575.7725043332697,29831000,-0.00039848919147023043
QQQ,2025-08-19,568.620849609375,575.8923882635952,567.5920130021344,575.7226021797385,53752600,-0.013567480738099214
QQQ,2025-08-20,565.2447509765625,567.7917860584612,558.1929284111997,567.6719298873941,76781100,-0.005937345834455043
QQQ,2025-08-21,562.6278076171875,565.8340517424351,560.3304220145135,563.6965150159476,46436900,-0.004629752606908344
QQQ,2025-08-22,571.3076782226562,573.3253587434433,562.617800852793,564.0161431934172,51502100,0.015427375767702145
QQQ,2025-08-25,569.6596069335938,572.6261385677973,568.5009160121044,569.7395313678815,34044700,-0.0028847350593810273
QQQ,2025-08-26,571.9469604492188,572.2565990617475,568.1413744854693,569.1702111117808,34103000,0.004015298764006747
QQQ,2025-08-27,572.825927734375,573.7448453667379,569.7095453598557,570.9281643841576,36927100,0.0015367985948659957
QQQ,2025-08-28,576.4118041992188,577.3307218421304,571.7971586699575,573.4452115221324,46787900,0.006259975834240761
QQQ,2025-08-29,569.7395629882812,574.3642068270976,567.8816703337434,573.9945791596829,56030400,-0.01157547635619105
QQQ,2025-09-02,564.9650268554688,565.3145971818625,558.8920502137331,560.660020123991,65876800,-0.008380208156460234
QQQ,2025-09-03,569.409912109375,571.0380295776428,566.0737527363494,568.5708579374373,54230200,0.00786754054254657
QQQ,2025-09-04,574.5639038085938,574.9334704969435,568.3711317527417,570.0791126733634,47526300,0.009051461152346008
QQQ,2025-09-05,575.3929443359375,580.4470826304052,570.8682215867353,579.8178072667213,68342500,0.001442903951759389
QQQ,2025-09-08,578.19970703125,580.1674576203714,577.1010051346319,577.7002859937904,46371400,0.004877992896753058
QQQ,2025-09-09,579.8378295898438,580.26732437145,576.3718158469537,578.9987754125199,44007600,0.00283314318335548
QQQ,2025-09-10,580.027587890625,583.0940402853914,577.8800531074673,583.0640457610823,49308000,0.00032726098763768974
QQQ,2025-09-11,583.4036865234375,584.2027479772381,580.9465131126315,582.5646323700341,44745800,0.005820582853809153
QQQ,2025-09-12,585.9806518554688,587.1792745116926,583.4236186389489,584.3625326071349,50745900,0.004417122125826234
QQQ,2025-09-15,590.994873046875,591.1047310439144,587.6087837729755,587.7586344703801,44360300,0.008556973981187044
QQQ,2025-09-16,590.4954223632812,592.1734696533504,589.8062189258886,591.9237591465338,36942100,-0.0008451015505749337
QQQ,2025-09-17,589.3168334960938,591.0648071547686,583.6933476484554,590.415535410039,69384800,-0.0019959322672994384
QQQ,2025-09-18,594.6306762695312,597.4474182598135,592.2734235847219,594.2211168753206,61069300,0.009016953990459431
QQQ,2025-09-19,598.6559448242188,599.3551464363971,595.159997727806,596.6383253844207,58196100,0.006769359058197866
QQQ,2025-09-22,602.2000122070312,602.8699951171875,597.719970703125,597.739990234375,57154800,0.005920040406268923
QQQ,2025-09-23,598.2000122070312,602.5700073242188,596.97998046875,602.3699951171875,64635500,-0.006642311389766009
QQQ,2025-09-24,596.0999755859375,599.9000244140625,593.3599853515625,599.5800170898438,49850300,-0.0035105927419589733
QQQ,2025-09-25,593.530029296875,595.1199951171875,588.5,592.2000122070312,70920200,-0.004311267227508853
QQQ,2025-09-26,595.969970703125,596.2999877929688,591.0599975585938,594.3499755859375,54337400,0.004110897993047535
QQQ,2025-09-29,598.72998046875,602.0499877929688,597.4099731445312,599.1099853515625,48332900,0.004631122206323113
QQQ,2025-09-30,600.3699951171875,600.7100219726562,596.0999755859375,598.4299926757812,46533800,0.0027391557161602353
QQQ,2025-10-01,603.25,603.7899780273438,596.3400268554688,597.1699829101562,46899600,0.004797049996228209
QQQ,2025-10-02,605.72998046875,607.1599731445312,602.9299926757812,607.0599975585938,43765400,0.004111032687525995
QQQ,2025-10-03,603.1799926757812,607.3300170898438,601.3900146484375,606.510009765625,46482100,-0.004209776427106071
QQQ,2025-10-06,607.7100219726562,609.3599853515625,605.969970703125,608.4500122070312,41962100,0.0075102446232993
QQQ,2025-10-07,604.510009765625,609.7100219726562,603.030029296875,609.02001953125,58209500,-0.005265689377054961
QQQ,2025-10-08,611.4400024414062,611.75,605.260009765625,605.4099731445312,50629800,0.01146381790843809
QQQ,2025-10-09,610.7000122070312,611.6099853515625,607.47998046875,611.47998046875,45551000,-0.0012102417758411699
QQQ,2025-10-10,589.5,613.1799926757812,589.0499877929688,611.4000244140625,97614800,-0.03471428161662504
QQQ,2025-10-13,602.010009765625,602.9500122070312,597.22998046875,599.6799926757812,65872600,0.021221390611747326
QQQ,2025-10-14,598.0,602.6900024414062,590.1300048828125,595.3099975585938,69203200,-0.006661035033597162
QQQ,2025-10-15,602.219970703125,606.7000122070312,595.9299926757812,604.010009765625,62805500,0.007056807195861214
QQQ,2025-10-16,599.989990234375,608.3099975585938,595.5,605.1099853515625,70982000,-0.0037029334416565085
QQQ,2025-10-17,603.9299926757812,605.510009765625,596.3699951171875,597.9500122070312,72024900,0.006566780288896457
QQQ,2025-10-20,611.5399780273438,612.7999877929688,607.0700073242188,607.1400146484375,45761700,0.012600774003366899
QQQ,2025-10-21,611.3800048828125,612.719970703125,609.3200073242188,611.6400146484375,44538200,-0.00026159065683206695
QQQ,2025-10-22,605.489990234375,611.4099731445312,599.739990234375,610.8200073242188,61478800,-0.009633966765999258
QQQ,2025-10-23,610.5800170898438,611.3699951171875,604.52001953125,604.9099731445312,42844300,0.008406459128248223
QQQ,2025-10-24,617.0999755859375,618.4199829101562,615.1300048828125,615.989990234375,47632500,0.010678303111145482
QQQ,2025-10-27,628.0900268554688,628.5499877929688,624.030029296875,624.52001953125,54098600,0.0178091908998963
QQQ,2025-10-28,632.9199829101562,634.6799926757812,629.25,630.3599853515625,61195700,0.00768991043985956
QQQ,2025-10-29,635.77001953125,637.010009765625,630.25,635.5900268554688,67422800,0.004502996742162146
QQQ,2025-10-30,626.0499877929688,633.5,625.9400024414062,632.1699829101562,61628600,-0.015288597196589704
QQQ,2025-10-31,629.0700073242188,634.2000122070312,626.6900024414062,634.1699829101562,66305100,0.004823927146611062
QQQ,2025-11-03,632.0800170898438,635.8200073242188,629.8499755859375,635.1099853515625,37154300,0.0047848565828598755
QQQ,2025-11-04,619.25,626.9500122070312,618.4600219726562,623.280029296875,63830800,-0.020298090024921778
QQQ,2025-11-05,623.280029296875,626.5999755859375,617.2100219726562,618.489990234375,48688500,0.006507919736576495
QQQ,2025-11-06,611.6699829101562,622.0399780273438,610.2999877929688,621.7899780273438,72115100,-0.018627335773642728
QQQ,2025-11-07,609.739990234375,609.9500122070312,598.6699829101562,608.3099975585938,81835400,-0.0031552842704474227
QQQ,2025-11-10,623.22998046875,624.3099975585938,616.8900146484375,618.9199829101562,55919900,0.022124168416753687
QQQ,2025-11-11,621.5700073242188,622.719970703125,617.52001953125,620.5700073242188,44868800,-0.0026635001469004216
QQQ,2025-11-12,621.0800170898438,624.8599853515625,617.8099975585938,624.8400268554688,47444400,-0.0007883106144138674
QQQ,2025-11-13,608.4000244140625,618.1199951171875,606.0800170898438,617.5399780273438,71333600,-0.02041603710773876
QQQ,2025-11-14,608.8599853515625,613.3499755859375,597.1699829101562,599.5499877929688,80087300,0.0007560172896821094
QQQ,2025-11-17,603.6599731445312,612.47998046875,599.8699951171875,606.2999877929688,63850400,-0.00854057144850584
QQQ,2025-11-18,596.3099975585938,602.3099975585938,591.3400268554688,599.6199951171875,83327300,-0.012175688157110454
QQQ,2025-11-19,599.8699951171875,606.1599731445312,594.5900268554688,597.0700073242188,73111500,0.005970045065769591
QQQ,2025-11-20,585.6699829101562,614.030029296875,584.75,611.6199951171875,117165300,-0.023671816097848297
